512WZG3;11.280;Dell Inc.;Optiplex 3080;Loja 001;
FC2WZG3;11.248;Dell Inc.;Optiplex 3080;Loja 001;
7B2WZG3;11.226;Dell Inc.;Optiplex 3080;Loja 001;
BC2WZG3;11.245;Dell Inc.;Optiplex 3080;Loja 001;
FZ1WZG3;11.256;Dell Inc.;Optiplex 3080;Loja 001;
3B2WZG3;11.222;Dell Inc.;Optiplex 3080;Loja 001;
2S0WZG3;10.621;Dell Inc.;Optiplex 3080;Loja 001;
272WZG3;11.372;Dell Inc.;Optiplex 3080;Loja 003;
882WZG3;11.394;Dell Inc.;Optiplex 3080;Loja 003;
472WZG3;11.374;Dell Inc.;Optiplex 3080;Loja 003;
372WZG3;;Dell Inc.;Optiplex 3080;Loja 003;
6R1WZG3;11.087;Dell Inc.;Optiplex 3080;Loja 004;
FN0WZG3;10.421;Dell Inc.;Optiplex 3080;Loja 004;
7H1WZG3;10.879;Dell Inc.;Optiplex 3080;Loja 004;
9Q0WZG3;10.449;Dell Inc.;Optiplex 3080;Loja 004;
1L0WZG3;10.525;Dell Inc.;Optiplex 3080;Loja 004;
9N0WZG3;10.564;Dell Inc.;Optiplex 3080;Loja 004;
BN0WZG3;10.566;Dell Inc.;Optiplex 3080;Loja 004;
DN0WZG3;10.567;Dell Inc.;Optiplex 3080;Loja 004;
GJ1WZG3;10.902;Dell Inc.;Optiplex 3080;Loja 004;
3P0WZG3;10.427;Dell Inc.;Optiplex 3080;Loja 004;
4S0WZG3;10.624;Dell Inc.;Optiplex 3080;Loja 004;FURTO
1Q0WZG3;10.439;Dell Inc.;Optiplex 3080;Loja 004;
5T0WZG3;10.640;Dell Inc.;Optiplex 3080;Loja 004;
3V0WZG3;10.658;Dell Inc.;Optiplex 3080;Loja 004;
BD1WZG3;10.934;Dell Inc.;Optiplex 3080;Loja 004;
3F1WZG3;10.943;Dell Inc.;Optiplex 3080;Loja 004;
GT0WZG3;10.650;Dell Inc.;Optiplex 3080;Loja 004;
3L0WZG3;10.526;Dell Inc.;Optiplex 3080;Loja 004;
601WZG3;10.788;Dell Inc.;Optiplex 3080;Loja 004;
9J1WZG3;10.897;Dell Inc.;Optiplex 3080;Loja 004;
BJ1WZG3;10.898;Dell Inc.;Optiplex 3080;Loja 004;
4N1WZG3;11.037;Dell Inc.;Optiplex 3080;Loja 007;
GL1WZG3;11.015;Dell Inc.;Optiplex 3080;Loja 007;
GM1WZG3;11.031;Dell Inc.;Optiplex 3080;Loja 007;
392WZG3;11.206;Dell Inc.;Optiplex 3080;Loja 008;
JB2WZG3;11.235;Dell Inc.;Optiplex 3080;Loja 008;
FY1WZG3;11.141;Dell Inc.;Optiplex 3080;Loja 008;
FW1WZG3;11.108;Dell Inc.;Optiplex 3080;Loja 008;
GB2WZG3;11.233;Dell Inc.;Optiplex 3080;Loja 008;
5B2WZG3;11.224;Dell Inc.;Optiplex 3080;Loja 008;
DB2WZG3;11.231;Dell Inc.;Optiplex 3080;Loja 008;
812WZG3;11.283;Dell Inc.;Optiplex 3080;Loja 008;
192WZG3;11.204;Dell Inc.;Optiplex 3080;Loja 008;
602WZG3;11.265;Dell Inc.;Optiplex 3080;Loja 010;
DS1WZG3;11.159;Dell Inc.;Optiplex 3080;Loja 010;
412WZG3;11.279;Dell Inc.;Optiplex 3080;Loja 010;FURTO
CV1WZG3;11.190;Dell Inc.;Optiplex 3080;Loja 010;
DV1WZG3;11.191;Dell Inc.;Optiplex 3080;Loja 010;
4V1WZG3;11.183;Dell Inc.;Optiplex 3080;Loja 010;
FV1WZG3;11.192;Dell Inc.;Optiplex 3080;Loja 010;
8S1WZG3;11.155;Dell Inc.;Optiplex 3080;Loja 010;
2X1WZG3;11.113;Dell Inc.;Optiplex 3080;Loja 011;
6C5PV63;10.380;Dell Inc.;Optiplex 3080;Loja 011;
9C5PV63;10.383;Dell Inc.;Optiplex 3080;Loja 011;
BC5PV63;10.384;Dell Inc.;Optiplex 3080;Loja 011;FURTO
DC5PV63;10.386;Dell Inc.;Optiplex 3080;Loja 011;
GC5PV63;10.388;Dell Inc.;Optiplex 3080;Loja 011;
GX1WZG3;11.125;Dell Inc.;Optiplex 3080;Loja 012;
D51WZG3;10.674;Dell Inc.;Optiplex 3080;Loja 012;
881WZG3;10.718;Dell Inc.;Optiplex 3080;Loja 012;
122WZG3;11.292;Dell Inc.;Optiplex 3080;Loja 012;
7X1WZG3;11.118;Dell Inc.;Optiplex 3080;Loja 012;
291WZG3;10.828;Dell Inc.;Optiplex 3080;Loja 012;
271WZG3;10.696;Dell Inc.;Optiplex 3080;Loja 012;
GS0WZG3;10.632;Dell Inc.;Optiplex 3080;Loja 012;
JZ1WZG3;11.259;Dell Inc.;Optiplex 3080;Loja 012;
DX1WZG3;11.123;Dell Inc.;Optiplex 3080;Loja 013;FURTO
4T0WZG3;10.641;Dell Inc.;Optiplex 3080;Loja 013;
9X1WZG3;11.120;Dell Inc.;Optiplex 3080;Loja 013;
BB2WZG3;11.229;Dell Inc.;Optiplex 3080;Loja 013;
GC2WZG3;11.249;Dell Inc.;Optiplex 3080;Loja 013;
F52WZG3;11.351;Dell Inc.;Optiplex 3080;Loja 014;FURTO
C52WZG3;11.350;Dell Inc.;Optiplex 3080;Loja 014;
JY0WZG3;10.766;Dell Inc.;Optiplex 3080;Loja 014;
CY0WZG3;10.761;Dell Inc.;Optiplex 3080;Loja 014;
8Y0WZG3;10.758;Dell Inc.;Optiplex 3080;Loja 014;
2Z0WZG3;10.768;Dell Inc.;Optiplex 3080;Loja 014;
DY0WZG3;10.762;Dell Inc.;Optiplex 3080;Loja 014;
4W0WZG3;10.723;Dell Inc.;Optiplex 3080;Loja 014;
JX0WZG3;10.750;Dell Inc.;Optiplex 3080;Loja 014;
6W0WZG3;10.726;Dell Inc.;Optiplex 3080;Loja 014;
7R0WZG3;10.460;Dell Inc.;Optiplex 3080;Loja 014;
282WZG3;11.388;Dell Inc.;Optiplex 3080;Loja 014;
862WZG3;11.362;Dell Inc.;Optiplex 3080;Loja 014;
HL0WZG3;10.541;Dell Inc.;Optiplex 3080;Loja 015;FURTO
FS0WZG3;;Dell Inc.;Optiplex 3080;Loja 015;
GH1WZG3;;Dell Inc.;Optiplex 3080;Loja 015;
DS0WZG3;;Dell Inc.;Optiplex 3080;Loja 015;
ZT0WZG3;;Dell Inc.;Optiplex 3080;Loja 015;FURTO
FG1WZG3;10.869;Dell Inc.;Optiplex 3080;Loja 015;
BS0WZG3;;Dell Inc.;Optiplex 3080;Loja 015;
2N0WZG3;;Dell Inc.;Optiplex 3080;Loja 015;
342WZG3;11.326;Dell Inc.;Optiplex 3080;Loja 016;
B01WZG3;10.792;Dell Inc.;Optiplex 3080;Loja 016;
F22WZG3;11.304;Dell Inc.;Optiplex 3080;Loja 016;
642WZG3;11.329;Dell Inc.;Optiplex 3080;Loja 016;
221WZG3;10.816;Dell Inc.;Optiplex 3080;Loja 016;
332WZG3;11.310;Dell Inc.;Optiplex 3080;Loja 016;
792WZG3;11.210;Dell Inc.;Optiplex 3080;Loja 017;
871WZG3;10.702;Dell Inc.;Optiplex 3080;Loja 017;
G02WZG3;11.273;Dell Inc.;Optiplex 3080;Loja 017;
971WZG3;10.703;Dell Inc.;Optiplex 3080;Loja 017;
FQ1WZG3;11.078;Dell Inc.;Optiplex 3080;Loja 017;
8Y1WZG3;11.135;Dell Inc.;Optiplex 3080;Loja 017;FURTO
G91WZG3;10.840;Dell Inc.;Optiplex 3080;Loja 017;
H72WZG3;11.385;Dell Inc.;Optiplex 3080;Loja 018;FURTO
8QOWZG3;10.444;Dell Inc.;Optiplex 3080;Loja 018;
3W0WZG3;10.722;Dell Inc.;Optiplex 3080;Loja 018;
6X0WZG3;10.739;Dell Inc.;Optiplex 3080;Loja 018;
6Y0WZG3;10.756;Dell Inc.;Optiplex 3080;Loja 018;
7Y0WZG3;10.757;Dell Inc.;Optiplex 3080;Loja 018;
7X0WZG3;10.743;Dell Inc.;Optiplex 3080;Loja 018;
2W1WZG3;11.197;Dell Inc.;Optiplex 3080;Loja 019;
GV1WZG3;11.193;Dell Inc.;Optiplex 3080;Loja 019;
7S1WZG3;11.154;Dell Inc.;Optiplex 3080;Loja 019;
1X0WZG3;10.740;Dell Inc.;Optiplex 3080;Loja 020;FURTO
5N0WZG3;10.560;Dell Inc.;Optiplex 3080;Loja 020;
4X0WZG3;10.736;Dell Inc.;Optiplex 3080;Loja 020;
1W0WZG3;10.720;Dell Inc.;Optiplex 3080;Loja 020;
2W0WZG3;10.719;Dell Inc.;Optiplex 3080;Loja 020;
362WZG3;11.357;Dell Inc.;Optiplex 3080;Loja 020;
2G1WZG3;10.958;Dell Inc.;Optiplex 3080;Loja 021;
GF1WZG3;10.954;Dell Inc.;Optiplex 3080;Loja 021;
3D1WZG3;10.927;Dell Inc.;Optiplex 3080;Loja 021;
511WZG3;10.803;Dell Inc.;Optiplex 3080;Loja 021;
G01WZG3;10.796;Dell Inc.;Optiplex 3080;Loja 021;
C01WZG3;10.793;Dell Inc.;Optiplex 3080;Loja 021;
561WZG3;10.683;Dell Inc.;Optiplex 3080;Loja 022;
8Q1WZG3;11.073;Dell Inc.;Optiplex 3080;Loja 022;
J02WZG3;11.275;Dell Inc.;Optiplex 3080;Loja 022;
F82WZG3;11.200;Dell Inc.;Optiplex 3080;Loja 022;
6Q1WZG3;11.071;Dell Inc.;Optiplex 3080;Loja 022;
J61WZG3;10.694;Dell Inc.;Optiplex 3080;Loja 022;
4P1WZG3;11.053;Dell Inc.;Optiplex 3080;Loja 023;
7C1WZG3;10.865;Dell Inc.;Optiplex 3080;Loja 023;
6X1WZG3;11.117;Dell Inc.;Optiplex 3080;Loja 023;
4Q1WZG3;11.069;Dell Inc.;Optiplex 3080;Loja 024;
7W1WZG3;11.102;Dell Inc.;Optiplex 3080;Loja 024;
F01WZG3;10.795;Dell Inc.;Optiplex 3080;Loja 024;
HX1WZG3;11.126;Dell Inc.;Optiplex 3080;Loja 025;FURTO
GB1WZG3;10.856;Dell Inc.;Optiplex 3080;Loja 025;
701WZG3;10.789;Dell Inc.;Optiplex 3080;Loja 025;
D91WZG3;10.838;Dell Inc.;Optiplex 3080;Loja 025;
6Z0WZG3;10.772;Dell Inc.;Optiplex 3080;Loja 025;
FJ0WZG3;10.504;Dell Inc.;Optiplex 3080;Loja 026;
D72WZG3;11.382;Dell Inc.;Optiplex 3080;Loja 026;
HJ1WZG3;10.903;Dell Inc.;Optiplex 3080;Loja 026;
CH1WZG3;10.883;Dell Inc.;Optiplex 3080;Loja 026;
6N0WZG3;10.563;Dell Inc.;Optiplex 3080;Loja 026;
HM0WZG3;10.557;Dell Inc.;Optiplex 3080;Loja 026;
J8K4X73;10.412;Dell Inc.;Optiplex 3080;Loja 026;FURTO
381WZG3;10.713;Dell Inc.;Optiplex 3080;Loja 027;
481WZG3;10.714;Dell Inc.;Optiplex 3080;Loja 027;
461WZG3;10.682;Dell Inc.;Optiplex 3080;Loja 027;
DB1WZG3;10.854;Dell Inc.;Optiplex 3080;Loja 027;
J71WZG3;10.710;Dell Inc.;Optiplex 3080;Loja 027;
1B1WZG3;10.843;Dell Inc.;Optiplex 3080;Loja 027;
5X0WZG3;10.737;Dell Inc.;Optiplex 3080;Loja 028;
7J1WZG3;10.895;Dell Inc.;Optiplex 3080;Loja 028;
3R1WZG3;11.084;Dell Inc.;Optiplex 3080;Loja 028;
5K1WZG3;10.909;Dell Inc.;Optiplex 3080;Loja 028;
3X0WZG3;10.738;Dell Inc.;Optiplex 3080;Loja 028;
1R1WZG3;11.082;Dell Inc.;Optiplex 3080;Loja 028;
FP1WZG3;11.062;Dell Inc.;Optiplex 3080;Loja 028;
892WZG3;11.211;Dell Inc.;Optiplex 3080;Loja 028;
GN0WZG3;10.422;Dell Inc.;Optiplex 3080;Loja 028;FURTO
9V0WZG3;10.661;Dell Inc.;Optiplex 3080;Loja 028;
HQ0WZG3;10.454;Dell Inc.;Optiplex 3080;Loja 028;
592WZG3;11.208;Dell Inc.;Optiplex 3080;Loja 028;
F92WZG3;11.216;Dell Inc.;Optiplex 3080;Loja 029;
JY1WZG3;11.146;Dell Inc.;Optiplex 3080;Loja 029;
CW1WZG3;11.106;Dell Inc.;Optiplex 3080;Loja 029;
222WZG3;11.293;Dell Inc.;Optiplex 3080;Loja 029;
5Z1WZG3;11.144;Dell Inc.;Optiplex 3080;Loja 029;
961WZG3;10.687;Dell Inc.;Optiplex 3080;Loja 030;
C71WZG3;10.705;Dell Inc.;Optiplex 3080;Loja 030;
712WZG3;11.282;Dell Inc.;Optiplex 3080;Loja 030;
3Q1WZG3;11.068;Dell Inc.;Optiplex 3080;Loja 030;
9J0WZG3;10.500;Dell Inc.;Optiplex 3080;Loja 031;
911WZG3;10.807;Dell Inc.;Optiplex 3080;Loja 031;
H32WZG3;11.322;Dell Inc.;Optiplex 3080;Loja 031;
4W1WZG3;11.199;Dell Inc.;Optiplex 3080;Loja 032;
2V1WZG3;11.181;Dell Inc.;Optiplex 3080;Loja 032;
8T1WZG3;11.171;Dell Inc.;Optiplex 3080;Loja 032;FURTO
GS1WZG3;11.161;Dell Inc.;Optiplex 3080;Loja 032;
2J0WZG3;10.492;Dell Inc.;Optiplex 3080;Loja 033;
7H0WZG3;10.483;Dell Inc.;Optiplex 3080;Loja 033;
3J0WZG3;10.494;Dell Inc.;Optiplex 3080;Loja 033;
FG0WZG3;10.474;Dell Inc.;Optiplex 3080;Loja 033;
3S0WZG3;10.625;Dell Inc.;Optiplex 3080;Loja 034;
4Q0WZG3;10.443;Dell Inc.;Optiplex 3080;Loja 034;
5R1WZG3;11.086;Dell Inc.;Optiplex 3080;Loja 034;
9S0WZG3;10.627;Dell Inc.;Optiplex 3080;Loja 034;
932WZG3;11.316;Dell Inc.;Optiplex 3080;Loja 035;
H42WZG3;11.338;Dell Inc.;Optiplex 3080;Loja 035;
632WZG3;11.313;Dell Inc.;Optiplex 3080;Loja 035;
BG0WZG3;10.470;Dell Inc.;Optiplex 3080;Loja 035;
9K0WZG3;10.517;Dell Inc.;Optiplex 3080;Loja 035;
5J0WZG3;10.497;Dell Inc.;Optiplex 3080;Loja 035;
D62WZG3;11.366;Dell Inc.;Optiplex 3080;Loja 036;
672WZG3;11.376;Dell Inc.;Optiplex 3080;Loja 036;
FW0WZG3;10.731;Dell Inc.;Optiplex 3080;Loja 036;
182WZG3;11.387;Dell Inc.;Optiplex 3080;Loja 036;
D52WZG3;11.399;Dell Inc.;Optiplex 3080;Loja 036;
HY0WZG3;10.765;Dell Inc.;Optiplex 3080;Loja 036;
801WZG3;10.790;Dell Inc.;Optiplex 3080;Loja 037;
4Z1WZG3;11.143;Dell Inc.;Optiplex 3080;Loja 037;
F51WZG3;10.675;Dell Inc.;Optiplex 3080;Loja 037;
BL1WZG3;11.011;Dell Inc.;Optiplex 3080;Loja 037;
1Z0WZG3;10.767;Dell Inc.;Optiplex 3080;Loja 038;FURTO
741WZG3;10.603;Dell Inc.;Optiplex 3080;Loja 038;
HX0WZG3;10.748;Dell Inc.;Optiplex 3080;Loja 038;
1H0WZG3;10.478;Dell Inc.;Optiplex 3080;Loja 038;
HH0WZG3;10.491;Dell Inc.;Optiplex 3080;Loja 038;
BS1WZG3;11.157;Dell Inc.;Optiplex 3080;Loja 039;
B51WZG3;10.672;Dell Inc.;Optiplex 3080;Loja 039;
4T1WZG3;11.167;Dell Inc.;Optiplex 3080;Loja 039;
DT1WZG3;11.175;Dell Inc.;Optiplex 3080;Loja 039;
5V1WZG3;11.184;Dell Inc.;Optiplex 3080;Loja 039;
1V1WZG3;11.180;Dell Inc.;Optiplex 3080;Loja 039;
3W1WZG3;11.198;Dell Inc.;Optiplex 3080;Loja 039;
2T1WZG3;11.165;Dell Inc.;Optiplex 3080;Loja 039;
6V1WZG3;11.185;Dell Inc.;Optiplex 3080;Loja 039;
BT1WZG3;11.173;Dell Inc.;Optiplex 3080;Loja 039;
8B1WZG3;10.850;Dell Inc.;Optiplex 3080;Loja 039;FURTO
D11WZG3;10.810;Dell Inc.;Optiplex 3080;Loja 039;
1D1WZG3;10.925;Dell Inc.;Optiplex 3080;Loja 040;
GZ0WZG3;10.780;Dell Inc.;Optiplex 3080;Loja 040;
6G1WZG3;10.962;Dell Inc.;Optiplex 3080;Loja 040;
CB1WZG3;10.853;Dell Inc.;Optiplex 3080;Loja 042;
1W1WZG3;11.196;Dell Inc.;Optiplex 3080;Loja 042;
9S1WZG3;11.156;Dell Inc.;Optiplex 3080;Loja 042;
HT1WZG3;11.178;Dell Inc.;Optiplex 3080;Loja 042;
1T1WZG3;11.164;Dell Inc.;Optiplex 3080;Loja 042;
9T1WZG3;11.172;Dell Inc.;Optiplex 3080;Loja 042;
9Y1WZG3;11.136;Dell Inc.;Optiplex 3080;Loja 043;
322WZG3;11.294;Dell Inc.;Optiplex 3080;Loja 043;
4C1WZG3;10.862;Dell Inc.;Optiplex 3080;Loja 043;
4M0WZG3;10.545;Dell Inc.;Optiplex 3080;Loja 043;
391WZG3;10.829;Dell Inc.;Optiplex 3080;Loja 044;
571WZG3;10.699;Dell Inc.;Optiplex 3080;Loja 044;
361WZG3;10.681;Dell Inc.;Optiplex 3080;Loja 044;
671WZG3;10.700;Dell Inc.;Optiplex 3080;Loja 044;
371WZG3;10.697;Dell Inc.;Optiplex 3080;Loja 044;
F61WZG3;10.691;Dell Inc.;Optiplex 3080;Loja 044;
F71WZG3;10.707;Dell Inc.;Optiplex 3080;Loja 044;
191WZG3;10.827;Dell Inc.;Optiplex 3080;Loja 044;
471WZG3;10.698;Dell Inc.;Optiplex 3080;Loja 044;
161WZG3;10.679;Dell Inc.;Optiplex 3080;Loja 044;
CY1WZG3;11.138;Dell Inc.;Optiplex 3080;Loja 044;
DW1WZG3;11.107;Dell Inc.;Optiplex 3080;Loja 044;
1L1WZG3;11.002;Dell Inc.;Optiplex 3080;Loja 045;
2M1WZG3;11.019;Dell Inc.;Optiplex 3080;Loja 045;
HN1WZG3;11.048;Dell Inc.;Optiplex 3080;Loja 045;
FN1WZG3;11.046;Dell Inc.;Optiplex 3080;Loja 045;
3M1WZG3;11.020;Dell Inc.;Optiplex 3080;Loja 045;
631WZG3;10.586;Dell Inc.;Optiplex 3080;Loja 045;
171WZG3;10.695;Dell Inc.;Optiplex 3080;Loja 046;
851WZG3;10.670;Dell Inc.;Optiplex 3080;Loja 046;
751WZG3;10.669;Dell Inc.;Optiplex 3080;Loja 046;
9C1WZG3;10.867;Dell Inc.;Optiplex 3080;Loja 047;
5Y1WZG3;11.132;Dell Inc.;Optiplex 3080;Loja 047;
661WZG3;10.684;Dell Inc.;Optiplex 3080;Loja 047;
BY1WZG3;11.137;Dell Inc.;Optiplex 3080;Loja 047;
261WZG3;10.680;Dell Inc.;Optiplex 3080;Loja 047;
491WZG3;10.830;Dell Inc.;Optiplex 3080;Loja 047;
JZ0WZG3;10.782;Dell Inc.;Optiplex 3080;Loja 049;
7M1WZG3;11.024;Dell Inc.;Optiplex 3080;Loja 049;
HM1WZG3;11.032;Dell Inc.;Optiplex 3080;Loja 049;
J21WZG3;10.580;Dell Inc.;Optiplex 3080;Loja 049;
8L1WZG3;11.009;Dell Inc.;Optiplex 3080;Loja 049;
HJ0WZG3;10.507;Dell Inc.;Optiplex 3080;Loja 049;
BP1WZG3;11.059;Dell Inc.;Optiplex 3080;Loja 050;
1C2WZG3;11.236;Dell Inc.;Optiplex 3080;Loja 050;
8Z1WZG3;11.251;Dell Inc.;Optiplex 3080;Loja 050;
612WZG3;11.281;Dell Inc.;Optiplex 3080;Loja 050;
CC2WZG3;11.246;Dell Inc.;Optiplex 3080;Loja 050;
BW1WZG3;11.105;Dell Inc.;Optiplex 3080;Loja 050;
5Q1WZG3;11.070;Dell Inc.;Optiplex 3080;Loja 050;
H92WZG3;11.218;Dell Inc.;Optiplex 3080;Loja 050;
HQ1WZG3;11.080;Dell Inc.;Optiplex 3080;Loja 050;
9Q1WZG3;11.074;Dell Inc.;Optiplex 3080;Loja 050;
CQ1WZG3;11.076;Dell Inc.;Optiplex 3080;Loja 052;
7Q1WZG3;11.072;Dell Inc.;Optiplex 3080;Loja 052;
4R1WZG3;11.085;Dell Inc.;Optiplex 3080;Loja 052;
1S1WZG3;11.098;Dell Inc.;Optiplex 3080;Loja 052;
DR1WZG3;11.093;Dell Inc.;Optiplex 3080;Loja 052;
2K1WZG3;10.906;Dell Inc.;Optiplex 3080;Loja 052;
4K1WZG3;10.908;Dell Inc.;Optiplex 3080;Loja 053;
CV0WZG3;10.660;Dell Inc.;Optiplex 3080;Loja 053;
B61WZG3;10.688;Dell Inc.;Optiplex 3080;Loja 053;
8V1WZG3;11.187;Dell Inc.;Optiplex 3080;Loja 053;
G81WZG3;10.824;Dell Inc.;Optiplex 3080;Loja 053;
5S1WZG3;11.152;Dell Inc.;Optiplex 3080;Loja 053;
1C1WZG3;10.859;Dell Inc.;Optiplex 3080;Loja 053;
JB1WZG3;10.858;Dell Inc.;Optiplex 3080;Loja 053;
FB1WZG3;10.855;Dell Inc.;Optiplex 3080;Loja 053;
B91WZG3;10.836;Dell Inc.;Optiplex 3080;Loja 053;
BB1WZG3;10.852;Dell Inc.;Optiplex 3080;Loja 053;
G51WZG3;10.676;Dell Inc.;Optiplex 3080;Loja 053;
HD1WZG3;10.939;Dell Inc.;Optiplex 3080;Loja 054;
7Z0WZG3;10.773;Dell Inc.;Optiplex 3080;Loja 054;
D31WZG3;10.592;Dell Inc.;Optiplex 3080;Loja 054;
DG1WZG3;10.968;Dell Inc.;Optiplex 3080;Loja 054;
8F1WZG3;10.948;Dell Inc.;Optiplex 3080;Loja 054;
FZ0WZG3;10.779;Dell Inc.;Optiplex 3080;Loja 054;
731WZG3;10.587;Dell Inc.;Optiplex 3080;Loja 054;
H01WZG3;10.797;Dell Inc.;Optiplex 3080;Loja 054;
B11WZG3;10.808;Dell Inc.;Optiplex 3080;Loja 054;
341WZG3;10.599;Dell Inc.;Optiplex 3080;Loja 054;
5G1WZG3;10.961;Dell Inc.;Optiplex 3080;Loja 054;
J41WZG3;10.612;Dell Inc.;Optiplex 3080;Loja 054;
5S0WZG3;;Dell Inc.;Optiplex 3080;Loja 054;
CQ0WZG3;;Dell Inc.;Optiplex 3080;Loja 054;
212WZG3;11.277;Dell Inc.;Optiplex 3080;Loja 055;
9C2WZG3;11.244;Dell Inc.;Optiplex 3080;Loja 055;
BQ1WZG3;11.075;Dell Inc.;Optiplex 3080;Loja 055;
C12WZG3;11.286;Dell Inc.;Optiplex 3080;Loja 055;
112WZG3;11.276;Dell Inc.;Optiplex 3080;Loja 055;
622WZG3;11.297;Dell Inc.;Optiplex 3080;Loja 055;
G12WZG3;11.289;Dell Inc.;Optiplex 3080;Loja 055;
522WZG3;11.296;Dell Inc.;Optiplex 3080;Loja 055;
CZ1WZG3;11.254;Dell Inc.;Optiplex 3080;Loja 055;
F12WZG3;11.288;Dell Inc.;Optiplex 3080;Loja 055;
D12WZG3;11.287;Dell Inc.;Optiplex 3080;Loja 055;
802WZG3;11.267;Dell Inc.;Optiplex 3080;Loja 055;
8T0WZG3;10.645;Dell Inc.;Optiplex 3080;Loja 055;
GK1WZG3;10.918;Dell Inc.;Optiplex 3080;Loja 055;
FQ0WZG3;10.451;Dell Inc.;Optiplex 3080;Loja 056;
4J1WZG3;10.892;Dell Inc.;Optiplex 3080;Loja 056;
BQ0WZG3;10.447;Dell Inc.;Optiplex 3080;Loja 056;
6H1WZG3;10.878;Dell Inc.;Optiplex 3080;Loja 056;
7T0WZG3;10.642;Dell Inc.;Optiplex 3080;Loja 056;
HT0WZG3;10.652;Dell Inc.;Optiplex 3080;Loja 056;
4R0WZG3;10.455;Dell Inc.;Optiplex 3080;Loja 056;
4S1WZG3;11.151;Dell Inc.;Optiplex 3080;Loja 057;
9V1WZG3;11.188;Dell Inc.;Optiplex 3080;Loja 057;
6T1WZG3;11.169;Dell Inc.;Optiplex 3080;Loja 057;
102WZG3;11.260;Dell Inc.;Optiplex 3080;Loja 057;
9K1WZG3;10.913;Dell Inc.;Optiplex 3080;Loja 057;
CX0WZG3;10.745;Dell Inc.;Optiplex 3080;Loja 058;
G72WZG3;11.384;Dell Inc.;Optiplex 3080;Loja 058;
662WZG3;11.360;Dell Inc.;Optiplex 3080;Loja 058;
BY0WZG3;10.760;Dell Inc.;Optiplex 3080;Loja 058;
D82WZG3;11.398;Dell Inc.;Optiplex 3080;Loja 058;
5W0WZG3;10.721;Dell Inc.;Optiplex 3080;Loja 058;
JM0WZG3;10.555;Dell Inc.;Optiplex 3080;Loja 059;
5J1WZG3;10.893;Dell Inc.;Optiplex 3080;Loja 059;
3N0WZG3;10.559;Dell Inc.;Optiplex 3080;Loja 059;
HR0WZG3;10.622;Dell Inc.;Optiplex 3080;Loja 059;
9Y0WZG3;10.759;Dell Inc.;Optiplex 3080;Loja 060;
872WZG3;11.378;Dell Inc.;Optiplex 3080;Loja 060;
1J0WZG3;10.493;Dell Inc.;Optiplex 3080;Loja 060;
972WZG3;11.379;Dell Inc.;Optiplex 3080;Loja 060;
4D1WZG3;10.928;Dell Inc.;Optiplex 3080;Loja 061;
711WZG3;10.805;Dell Inc.;Optiplex 3080;Loja 061;
301WZG3;10.785;Dell Inc.;Optiplex 3080;Loja 061;
DC1WZG3;10.920;Dell Inc.;Optiplex 3080;Loja 061;
9W1WZG3;11.104;Dell Inc.;Optiplex 3080;Loja 061;FURTO
7D1WZG3;10.931;Dell Inc.;Optiplex 3080;Loja 061;
2Y1WZG3;11.129;Dell Inc.;Optiplex 3080;Loja 061;
CX1WZG3;11.122;Dell Inc.;Optiplex 3080;Loja 061;
411WZG3;10.802;Dell Inc.;Optiplex 3080;Loja 061;
9G1WZG3;10.965;Dell Inc.;Optiplex 3080;Loja 061;
CF1WZG3;10.951;Dell Inc.;Optiplex 3080;Loja 061;
BK1WZG3;10.914;Dell Inc.;Optiplex 3080;Loja 061;
4L0WZG3;10.529;Dell Inc.;Optiplex 3080;Loja 062;
GR0WZG3;10.462;Dell Inc.;Optiplex 3080;Loja 062;
200WZG3;10.440;Dell Inc.;Optiplex 3080;Loja 062;
FV0WZG3;10.665;Dell Inc.;Optiplex 3080;Loja 062;
5L0WZG3;10.527;Dell Inc.;Optiplex 3080;Loja 062;
7N0WZG3;10.565;Dell Inc.;Optiplex 3080;Loja 062;
4B1WZG3;10.846;Dell Inc.;Optiplex 3080;Loja 063;
591WZG3;10.831;Dell Inc.;Optiplex 3080;Loja 063;
C61WZG3;10.689;Dell Inc.;Optiplex 3080;Loja 063;
F91WZG3;10.839;Dell Inc.;Optiplex 3080;Loja 063;
761WZG3;10.685;Dell Inc.;Optiplex 3080;Loja 063;
581WZG3;10.715;Dell Inc.;Optiplex 3080;Loja 063;
691WZG3;10.832;Dell Inc.;Optiplex 3080;Loja 063;
JG0WZG3;10.473;Dell Inc.;Optiplex 3080;Loja 064;
B41WZG3;10.606;Dell Inc.;Optiplex 3080;Loja 064;
DJ0WZG3;10.506;Dell Inc.;Optiplex 3080;Loja 064;
BX1WZG3;11.121;Dell Inc.;Optiplex 3080;Loja 065;
752WZG3;11.346;Dell Inc.;Optiplex 3080;Loja 065;
352WZG3;11.342;Dell Inc.;Optiplex 3080;Loja 065;
J42WZG3;11.339;Dell Inc.;Optiplex 3080;Loja 065;
F32WZG3;11.320;Dell Inc.;Optiplex 3080;Loja 065;
152WZG3;11.340;Dell Inc.;Optiplex 3080;Loja 065;FURTO
C41WZG3;10.607;Dell Inc.;Optiplex 3080;Loja 066;FURTO
G41WZG3;10.610;Dell Inc.;Optiplex 3080;Loja 066;
F21WZG3;10.577;Dell Inc.;Optiplex 3080;Loja 066;
D41WZG3;10.608;Dell Inc.;Optiplex 3080;Loja 066;
BJ0WZG3;10.503;Dell Inc.;Optiplex 3080;Loja 066;
4J0WZG3;10.496;Dell Inc.;Optiplex 3080;Loja 066;
232WZG3;11.309;Dell Inc.;Optiplex 3080;Loja 066;
842WZG3;11.331;Dell Inc.;Optiplex 3080;Loja 066;
8J0WZG3;10.498;Dell Inc.;Optiplex 3080;Loja 066;
351WZG3;10.615;Dell Inc.;Optiplex 3080;Loja 066;
GPOWZG3;10.437;Dell Inc.;Optiplex 3080;Loja 066;
9M0WZG3;10.547;Dell Inc.;Optiplex 3080;Loja 066;
6J0WZG3;10.499;Dell Inc.;Optiplex 3080;Loja 067;
F41WZG3;10.609;Dell Inc.;Optiplex 3080;Loja 067;
D32WZG3;11.319;Dell Inc.;Optiplex 3080;Loja 067;
G11WZG3;10.812;Dell Inc.;Optiplex 3080;Loja 067;
941WZG3;10.605;Dell Inc.;Optiplex 3080;Loja 067;
721WZG3;10.571;Dell Inc.;Optiplex 3080;Loja 067;
242WZG3;11.325;Dell Inc.;Optiplex 3080;Loja 067;
832WZG3;11.315;Dell Inc.;Optiplex 3080;Loja 067;
JD1WZG3;10.940;Dell Inc.;Optiplex 3080;Loja 068;
B31WZG3;10.590;Dell Inc.;Optiplex 3080;Loja 068;
G22WZG3;11.305;Dell Inc.;Optiplex 3080;Loja 068;
C31WZG3;10.591;Dell Inc.;Optiplex 3080;Loja 068;
FH0WZG3;10.488;Dell Inc.;Optiplex 3080;Loja 068;
7F1WZG3;10.947;Dell Inc.;Optiplex 3080;Loja 068;
3H1WZG3;;Dell Inc.;Optiplex 3080;Loja 069;
CR0WZG3;;Dell Inc.;Optiplex 3080;Loja 069;
JV0WZG3;;Dell Inc.;Optiplex 3080;Loja 069;
6V0WZG3;;Dell Inc.;Optiplex 3080;Loja 069;
DQ0WZG3;;Dell Inc.;Optiplex 3080;Loja 069;
2M0WZG3;;Dell Inc.;Optiplex 3080;Loja 069;
8P0WZG3;;Dell Inc.;Optiplex 3080;Loja 069;
HG1WZG3;;Dell Inc.;Optiplex 3080;Loja 069;
1Q1WZG3;11.066;Dell Inc.;Optiplex 3080;Loja 071;
HW0WZG3;10.733;Dell Inc.;Optiplex 3080;Loja 071;
H52WZG3;11.353;Dell Inc.;Optiplex 3080;Loja 071;
DX0WZG3;10.744;Dell Inc.;Optiplex 3080;Loja 071;
6P0WZG3;10.430;Dell Inc.;Optiplex 3080;Loja 071;
2R0WZG3;10.458;Dell Inc.;Optiplex 3080;Loja 071;
C62WZG3;11.365;Dell Inc.;Optiplex 3080;Loja 071;
JR0WZG3;10.620;Dell Inc.;Optiplex 3080;Loja 071;
HG0WZG3;10.475;Dell Inc.;Optiplex 3080;Loja 072;
3H0WZG3;10.479;Dell Inc.;Optiplex 3080;Loja 072;
BK0WZG3;10.518;Dell Inc.;Optiplex 3080;Loja 072;
F42WZG3;11.336;Dell Inc.;Optiplex 3080;Loja 072;
C32WZG3;11.318;Dell Inc.;Optiplex 3080;Loja 072;
FMOWZG3;10.553;Dell Inc.;Optiplex 3080;Loja 072;
GJ0WZG3;10.502;Dell Inc.;Optiplex 3080;Loja 072;
452WZG3;11.343;Dell Inc.;Optiplex 3080;Loja 072;
852WZG3;11.347;Dell Inc.;Optiplex 3080;Loja 072;
992WZG3;11.212;Dell Inc.;Optiplex 3080;Loja 073;
B62WZG3;11.364;Dell Inc.;Optiplex 3080;Loja 073;
9P1WZG3;11.058;Dell Inc.;Optiplex 3080;Loja 073;
GG0WZG3;10.476;Dell Inc.;Optiplex 3080;Loja 073;
D71WZG3;10.706;Dell Inc.;Optiplex 3080;Loja 074;
7Y1WZG3;11.134;Dell Inc.;Optiplex 3080;Loja 074;
5C1WZG3;10.863;Dell Inc.;Optiplex 3080;Loja 074;
H91WZG3;10.841;Dell Inc.;Optiplex 3080;Loja 074;
6C1WZG3;10.864;Dell Inc.;Optiplex 3080;Loja 074;
181WZG3;10.711;Dell Inc.;Optiplex 3080;Loja 074;
6B1WZG3;10.848;Dell Inc.;Optiplex 3080;Loja 074;
991WZG3;10.835;Dell Inc.;Optiplex 3080;Loja 074;
H81WZG3;10.825;Dell Inc.;Optiplex 3080;Loja 074;
C91WZG3;10.837;Dell Inc.;Optiplex 3080;Loja 074;
6J1WZG3;10.894;Dell Inc.;Optiplex 3080;Loja 074;
950WZG3;10.626;Dell Inc.;Optiplex 3080;Loja 074;
3T0WZG3;10.639;Dell Inc.;Optiplex 3080;Loja 074;
8V0WZG3;10.662;Dell Inc.;Optiplex 3080;Loja 074;
3B1WZG3;10.845;Dell Inc.;Optiplex 3080;Loja 074;
9B1WZG3;10.851;Dell Inc.;Optiplex 3080;Loja 074;
F81WZG3;10.823;Dell Inc.;Optiplex 3080;Loja 074;
781WZG3;10.717;Dell Inc.;Optiplex 3080;Loja 074;
J81WZG3;10.826;Dell Inc.;Optiplex 3080;Loja 074;
G71WZG3;10.708;Dell Inc.;Optiplex 3080;Loja 074;
3C1WZG3;10.861;Dell Inc.;Optiplex 3080;Loja 074;
241WZG3;10.598;Dell Inc.;Optiplex 3080;Loja 075;FURTO
9T0WZG3;10.644;Dell Inc.;Optiplex 3080;Loja 075;
811WZG3;10.806;Dell Inc.;Optiplex 3080;Loja 075;
DZ0WZG3;10.778;Dell Inc.;Optiplex 3080;Loja 075;
901WZG3;10.791;Dell Inc.;Optiplex 3080;Loja 075;
4Z0WZG3;10.770;Dell Inc.;Optiplex 3080;Loja 075;
DT0WZG3;10.647;Dell Inc.;Optiplex 3080;Loja 075;
JT0WZG3;10.654;Dell Inc.;Optiplex 3080;Loja 075;
3R0WZG3;10.456;Dell Inc.;Optiplex 3080;Loja 075;
D92WZG3;11.215;Dell Inc.;Optiplex 3080;Loja 076;
9R1WZG3;11.090;Dell Inc.;Optiplex 3080;Loja 076;
5P1WZG3;11.054;Dell Inc.;Optiplex 3080;Loja 076;FURTO
HH1WZG3;10.887;Dell Inc.;Optiplex 3080;Loja 076;
6P1WZG3;11.055;Dell Inc.;Optiplex 3080;Loja 076;
GP1WZG3;11.063;Dell Inc.;Optiplex 3080;Loja 076;
BN1WZG3;11.043;Dell Inc.;Optiplex 3080;Loja 077;
B21WZG3;10.574;Dell Inc.;Optiplex 3080;Loja 077;
DL1WZG3;11.013;Dell Inc.;Optiplex 3080;Loja 077;
3N1WZG3;11.036;Dell Inc.;Optiplex 3080;Loja 077;
DH1WZG3;10.884;Dell Inc.;Optiplex 3080;Loja 079;
1N1WZG3;11.034;Dell Inc.;Optiplex 3080;Loja 079;
9G0WZG3;10.469;Dell Inc.;Optiplex 3080;Loja 079;
732WZG3;11.314;Dell Inc.;Optiplex 3080;Loja 079;
3K0WZG3;10.512;Dell Inc.;Optiplex 3080;Loja 079;
2L1WZG3;11.003;Dell Inc.;Optiplex 3080;Loja 079;
952WZG3;11.348;Dell Inc.;Optiplex 3080;Loja 079;
252WZG3;11.341;Dell Inc.;Optiplex 3080;Loja 079;
132WZG3;11.308;Dell Inc.;Optiplex 3080;Loja 079;
7K0WZG3;10.513;Dell Inc.;Optiplex 3080;Loja 079;
B22WZG3;11.301;Dell Inc.;Optiplex 3080;Loja 079;
CH0WZG3;10.485;Dell Inc.;Optiplex 3080;Loja 079;
5H0WZG3;10.481;Dell Inc.;Optiplex 3080;Loja 079;
8H1WZG3;10.880;Dell Inc.;Optiplex 3080;Loja 079;FURTO
1K1WZG3;10.905;Dell Inc.;Optiplex 3080;Loja 079;FURTO
9W0WZG3;10.724;Dell Inc.;Optiplex 3080;Loja 080;
CW0WZG3;10.728;Dell Inc.;Optiplex 3080;Loja 080;
8Z0WZG3;10.774;Dell Inc.;Optiplex 3080;Loja 080;
1G1WZG3;10.957;Dell Inc.;Optiplex 3080;Loja 080;
821WZG3;10.572;Dell Inc.;Optiplex 3080;Loja 080;
JK1WZG3;11.001;Dell Inc.;Optiplex 3080;Loja 081;
2N1WZG3;11.035;Dell Inc.;Optiplex 3080;Loja 081;
D21WZG3;10.576;Dell Inc.;Optiplex 3080;Loja 081;
9M1WZG3;11.026;Dell Inc.;Optiplex 3080;Loja 081;
521WZG3;10.569;Dell Inc.;Optiplex 3080;Loja 081;
131WZG3;10.581;Dell Inc.;Optiplex 3080;Loja 081;
J31WZG3;10.596;Dell Inc.;Optiplex 3080;Loja 081;
5L1WZG3;11.006;Dell Inc.;Optiplex 3080;Loja 081;
CM1WZG3;11.028;Dell Inc.;Optiplex 3080;Loja 081;
9N1WZG3;11.042;Dell Inc.;Optiplex 3080;Loja 081;
771WZG3;10.701;Dell Inc.;Optiplex 3080;Loja 082;
HB1WZG3;10.857;Dell Inc.;Optiplex 3080;Loja 082;
HW1WZG3;11.110;Dell Inc.;Optiplex 3080;Loja 082;
302WZG3;11.262;Dell Inc.;Optiplex 3080;Loja 082;
951WZG3;10.671;Dell Inc.;Optiplex 3080;Loja 082;
292WZG3;11.205;Dell Inc.;Optiplex 3080;Loja 082;
402WZG3;11.263;Dell Inc.;Optiplex 3080;Loja 082;
2Q1WZG3;11.067;Dell Inc.;Optiplex 3080;Loja 082;
5V0WZG3;10.657;Dell Inc.;Optiplex 3080;Loja 082;
CC1WZG3;10.919;Dell Inc.;Optiplex 3080;Loja 084;
J01WZG3;10.798;Dell Inc.;Optiplex 3080;Loja 084;
611WZG3;10.804;Dell Inc.;Optiplex 3080;Loja 084;
6Y1WZG3;11.133;Dell Inc.;Optiplex 3080;Loja 084;
BC1WZG3;10.868;Dell Inc.;Optiplex 3080;Loja 084;
H22WZG3;11.306;Dell Inc.;Optiplex 3080;Loja 084;
B82WZG3;11.396;Dell Inc.;Optiplex 3080;Loja 084;
CC5PV63;10.385;Dell Inc.;Optiplex 3070;Loja 084;
HS0WZG3;10.636;Dell Inc.;Optiplex 3080;Loja 085;FURTO
DM0WZG3;10.554;Dell Inc.;Optiplex 3080;Loja 085;FURTO
GR1WZG3;11.095;Dell Inc.;Optiplex 3080;Loja 085;
FR1WZG3;11.094;Dell Inc.;Optiplex 3080;Loja 085;
8C5PV63;10.382;Dell Inc.;Optiplex 3080;Loja 085;
HC5PV63;10.389;Dell Inc.;Optiplex 3080;Loja 085;
H02WZG3;11.274;Dell Inc.;Optiplex 3080;Loja 086;FURTO
JS0WZG3;10638;Dell Inc.;Optiplex 3080;Loja 086;
JX1WZG3;11.127;Dell Inc.;Optiplex 3080;Loja 086;
FX1WZG3;11.124;Dell Inc.;Optiplex 3080;Loja 086;
4G1WZG3;10.960;Dell Inc.;Optiplex 3080;Loja 087;
442WZG3;11.327;Dell Inc.;Optiplex 3080;Loja 087;
C11WZG3;10.809;Dell Inc.;Optiplex 3080;Loja 087;
JF1WZG3;10.956;Dell Inc.;Optiplex 3080;Loja 087;
1J1WZG3;10.889;Dell Inc.;Optiplex 3080;Loja 087;
4L1WZG3;11.005;Dell Inc.;Optiplex 3080;Loja 088;
CL1WZG3;11.012;Dell Inc.;Optiplex 3080;Loja 088;
8N1WZG3;11.041;Dell Inc.;Optiplex 3080;Loja 088;
GN1WZG3;11.047;Dell Inc.;Optiplex 3080;Loja 088;
9L1WZG3;11.010;Dell Inc.;Optiplex 3080;Loja 088;
BM1WZG3;11.027;Dell Inc.;Optiplex 3080;Loja 088;
5M1WZG3;11.022;Dell Inc.;Optiplex 3080;Loja 088;
921WZG3;10.573;Dell Inc.;Optiplex 3080;Loja 088;
B72WZG3;11.380;Dell Inc.;Optiplex 3080;Loja 089;
462WZG3;11.358;Dell Inc.;Optiplex 3080;Loja 089;FURTO
BX0WZG3;10.746;Dell Inc.;Optiplex 3080;Loja 089;
162WZG3;11.355;Dell Inc.;Optiplex 3080;Loja 089;
572WZG3;11.375;Dell Inc.;Optiplex 3080;Loja 089;FURTO
DV0WZG3;10.664;Dell Inc.;Optiplex 3080;Loja 089;
4Y0WZG3;10.754;Dell Inc.;Optiplex 3080;Loja 089;
G52WZG3;11.352;Dell Inc.;Optiplex 3080;Loja 089;
F72WZG3;11.383;Dell Inc.;Optiplex 3080;Loja 089;
8W0WZG3;10.725;Dell Inc.;Optiplex 3080;Loja 089;
GW0WZG3;10.734;Dell Inc.;Optiplex 3080;Loja 089;
2H0WZG3;10.477;Dell Inc.;Optiplex 3080;Loja 089;
BW0WZG3;10.730;Dell Inc.;Optiplex 3080;Loja 089;FURTO
FT0WZG3;10.649;Dell Inc.;Optiplex 3080;Loja 089;
H62WZG3;11.369;Dell Inc.;Optiplex 3080;Loja 089;
6H0WZG3;10.482;Dell Inc.;Optiplex 3080;Loja 089;
9X0WZG3;10.742;Dell Inc.;Optiplex 3080;Loja 089;
GY0WZG3;10.764;Dell Inc.;Optiplex 3080;Loja 089;
JW0WZG3;10.732;Dell Inc.;Optiplex 3080;Loja 089;
141WZG3;10.597;Dell Inc.;Optiplex 3080;Loja 091;
G31WZG3;10.594;Dell Inc.;Optiplex 3080;Loja 091;
531WZG3;10.585;Dell Inc.;Optiplex 3080;Loja 091;
JL1WZG3;11.017;Dell Inc.;Optiplex 3080;Loja 091;
H71WZG3;10.709;Dell Inc.;Optiplex 3080;Loja 092;
281WZG3;10.712;Dell Inc.;Optiplex 3080;Loja 092;
D81WZG3;10.822;Dell Inc.;Optiplex 3080;Loja 092;
681WZG3;10.716;Dell Inc.;Optiplex 3080;Loja 092;
822WZG3;11.299;Dell Inc.;Optiplex 3080;Loja 093;
2Z1WZG3;11.148;Dell Inc.;Optiplex 3080;Loja 093;
GM0WZG3;10.550;Dell Inc.;Optiplex 3080;Loja 093;
3P1WZG3;11.052;Dell Inc.;Optiplex 3080;Loja 093;
HZ1WZG3;11.258;Dell Inc.;Optiplex 3080;Loja 093;
4Y1WZG3;11.131;Dell Inc.;Optiplex 3080;Loja 093;
2B1WZG3;10.844;Dell Inc.;Optiplex 3080;Loja 093;
HK0WZG3;10.524;Dell Inc.;Optiplex 3080;Loja 093;
7M0WZG3;10.549;Dell Inc.;Optiplex 3080;Loja 093;
JK0WZG3;;Dell Inc.;Optiplex 3080;Loja 093;
FP0WZG3;;Dell Inc.;Optiplex 3080;Loja 093;
7L0WZG3;10.531;Dell Inc.;Optiplex 3080;Loja 093;RETIRADO
JL0WZG3;;Dell Inc.;Optiplex 3080;Loja 093;
FL0WZG3;;Dell Inc.;Optiplex 3080;Loja 093;
6Z1WZG3;11.149;Dell Inc.;Optiplex 3080;Loja 094;
8W1WZG3;11.103;Dell Inc.;Optiplex 3080;Loja 094;
BG1WZG3;10.966;Dell Inc.;Optiplex 3080;Loja 094;
5Z0WZG3;10.771;Dell Inc.;Optiplex 3080;Loja 094;
1X1WZG3;11.112;Dell Inc.;Optiplex 3080;Loja 094;
HZ0WZG3;10.781;Dell Inc.;Optiplex 3080;Loja 094;
311WZG3;10.801;Dell Inc.;Optiplex 3080;Loja 094;
111WZG3;10.799;Dell Inc.;Optiplex 3080;Loja 094;
H51WZG3;10.677;Dell Inc.;Optiplex 3080;Loja 095;
B71WZG3;10.704;Dell Inc.;Optiplex 3080;Loja 095;
6B2WZG3;11.225;Dell Inc.;Optiplex 3080;Loja 095;
1Y1WZG3;11.128;Dell Inc.;Optiplex 3080;Loja 095;
DQ1WZG3;11.077;Dell Inc.;Optiplex 3080;Loja 095;
2C2WZG3;11.237;Dell Inc.;Optiplex 3080;Loja 095;
4C2WZG3;11.239;Dell Inc.;Optiplex 3080;Loja 095;
DY1WZG3;11.140;Dell Inc.;Optiplex 3080;Loja 095;
791WZG3;10.833;Dell Inc.;Optiplex 3080;Loja 096;
G82WZG3;11.201;Dell Inc.;Optiplex 3080;Loja 096;
3Y1WZG3;11.130;Dell Inc.;Optiplex 3080;Loja 096;
GY1WZG3;11.139;Dell Inc.;Optiplex 3080;Loja 096;
8X1WZG3;11.119;Dell Inc.;Optiplex 3080;Loja 096;FURTO
1V0WZG3;10.651;Dell Inc.;Optiplex 3080;Loja 096;
541WZG3;10.601;Dell Inc.;Optiplex 3080;Loja 097;
641WZG3;10.602;Dell Inc.;Optiplex 3080;Loja 097;
441WZG3;10.600;Dell Inc.;Optiplex 3080;Loja 097;
651WZG3;10.618;Dell Inc.;Optiplex 3080;Loja 097;
962WZG3;11.363;Dell Inc.;Optiplex 3080;Loja 097;
682WZG3;11.392;Dell Inc.;Optiplex 3080;Loja 097;
C72WZG3;11.381;Dell Inc.;Optiplex 3080;Loja 097;
9D1WZG3;10.933;Dell Inc.;Optiplex 3080;Loja 098;
8G1WZG3;10.964;Dell Inc.;Optiplex 3080;Loja 098;
GC1WZG3;10.922;Dell Inc.;Optiplex 3080;Loja 098;
6D1WZG3;10.930;Dell Inc.;Optiplex 3080;Loja 098;FURTO
7G1WZG3;10.963;Dell Inc.;Optiplex 3080;Loja 098;
3G1WZG3;10.959;Dell Inc.;Optiplex 3080;Loja 098;
6F1WZG3;10.946;Dell Inc.;Optiplex 3080;Loja 098;
J32WZG3;11.323;Dell Inc.;Optiplex 3080;Loja 098;
3C2WZG3;11.238;Dell Inc.;Optiplex 3080;Loja 099;
6W1WZG3;11.101;Dell Inc.;Optiplex 3080;Loja 099;
6BYHC72;;Dell Inc.;Optiplex 3020;Loja 099;
7Z1WZG3;11.250;Dell Inc.;Optiplex 3080;Loja 100;
D61WZG3;10.690;Dell Inc.;Optiplex 3080;Loja 100;
7V1WZG3;11.186;Dell Inc.;Optiplex 3080;Loja 100;
4X1WZG3;11.115;Dell Inc.;Optiplex 3080;Loja 100;
312WZG3;11.278;Dell Inc.;Optiplex 3080;Loja 100;
C21WZG3;10.575;Dell Inc.;Optiplex 3080;Loja 101;
431WZG3;10.584;Dell Inc.;Optiplex 3080;Loja 101;
CN1WZG3;11.044;Dell Inc.;Optiplex 3080;Loja 101;
HK1WZG3;11.000;Dell Inc.;Optiplex 3080;Loja 101;
JN1WZG3;11.049;Dell Inc.;Optiplex 3080;Loja 102;
5W1WZG3;11.100;Dell Inc.;Optiplex 3080;Loja 102;
8D1WZG3;10.932;Dell Inc.;Optiplex 3080;Loja 102;
DM1WZG3;11.029;Dell Inc.;Optiplex 3080;Loja 102;
6L1WZG3;11.007;Dell Inc.;Optiplex 3080;Loja 102;
7N1WZG3;11.040;Dell Inc.;Optiplex 3080;Loja 102;
JW1WZG3;11.111;Dell Inc.;Optiplex 3080;Loja 102;
8M1WZG3;11.025;Dell Inc.;Optiplex 3080;Loja 102;FURTO
8L0WZG3;10532;Dell Inc.;Optiplex 3080;Loja 102;
6N1WZG3;11.039;Dell Inc.;Optiplex 3080;Loja 103;
FL1WZG3;11.014;Dell Inc.;Optiplex 3080;Loja 103;
H21WZG3;10.579;Dell Inc.;Optiplex 3080;Loja 103;
451WZG3;10.616;Dell Inc.;Optiplex 3080;Loja 103;
931WZG3;10.589;Dell Inc.;Optiplex 3080;Loja 103;
JM1WZG3;11.033;Dell Inc.;Optiplex 3080;Loja 103;
H31WZG3;10.595;Dell Inc.;Optiplex 3080;Loja 103;
B92WZG3;11.213;Dell Inc.;Optiplex 3080;Loja 105;
692WZG3;11.209;Dell Inc.;Optiplex 3080;Loja 105;
HN0WZG3;10.420;Dell Inc.;Optiplex 3080;Loja 105;
BH0WZG3;10.487;Dell Inc.;Optiplex 3080;Loja 105;
8K1WZG3;10.912;Dell Inc.;Optiplex 3080;Loja 105;
GQ1WZG3;11.079;Dell Inc.;Optiplex 3080;Loja 105;
FK1WZG3;10.917;Dell Inc.;Optiplex 3080;Loja 105;
8N0WZG3;10.562;Dell Inc.;Optiplex 3080;Loja 105;
8X0WZG3;10.741;Dell Inc.;Optiplex 3080;Loja 105;
7P0WZG3;10.428;Dell Inc.;Optiplex 3080;Loja 105;
2S1WZG3;11.099;Dell Inc.;Optiplex 3080;Loja 105;
8B2WZG3;11.227;Dell Inc.;Optiplex 3080;Loja 105;FURTO
CJ1WZG3;10899;Dell Inc.;Optiplex 3080;Loja 105;
7K1WZG3;10.911;Dell Inc.;Optiplex 3080;Loja 105;
J12WZG3;11.291;Dell Inc.;Optiplex 3080;Loja 106;
J82WZG3;11.203;Dell Inc.;Optiplex 3080;Loja 106;
C02WZG3;11.270;Dell Inc.;Optiplex 3080;Loja 106;
702WZG3;11.266;Dell Inc.;Optiplex 3080;Loja 106;
G61WZG3;10.692;Dell Inc.;Optiplex 3080;Loja 106;
482WZG3;11.390;Dell Inc.;Optiplex 3080;Loja 107;
J62WZG3;11.370;Dell Inc.;Optiplex 3080;Loja 107;
172WZG3;11.371;Dell Inc.;Optiplex 3080;Loja 107;
C82WZG3;11.397;Dell Inc.;Optiplex 3080;Loja 107;
492WZG3;11.207;Dell Inc.;Optiplex 3080;Loja 108;FURTO
HP1WZG3;11.064;Dell Inc.;Optiplex 3080;Loja 109;
JR1WZG3;11.097;Dell Inc.;Optiplex 3080;Loja 109;
8R0WZG3;10.461;Dell Inc.;Optiplex 3080;Loja 109;
HR1WZG3;11.096;Dell Inc.;Optiplex 3080;Loja 109;
8R1WZG3;11.089;Dell Inc.;Optiplex 3080;Loja 109;
JG1WZG3;10.872;Dell Inc.;Optiplex 3080;Loja 109;
2P0WZG3;10.425;Dell Inc.;Optiplex 3080;Loja 109;
CR1WZG3;11.092;Dell Inc.;Optiplex 3080;Loja 109;
BR1WZG3;11.091;Dell Inc.;Optiplex 3080;Loja 109;
CS1WZG3;11.158;Dell Inc.;Optiplex 3080;Loja 110;
2H1WZG3;10.874;Dell Inc.;Optiplex 3080;Loja 110;
3S1WZG3;11.150;Dell Inc.;Optiplex 3080;Loja 110;
FS1WZG3;11.160;Dell Inc.;Optiplex 3080;Loja 110;
FT1WZG3;11.176;Dell Inc.;Optiplex 3080;Loja 110;
GZ1WZG3;11.257;Dell Inc.;Optiplex 3080;Loja 110;
5T1WZG3;11.168;Dell Inc.;Optiplex 3080;Loja 110;FURTO
922WZG3;11.300;Dell Inc.;Optiplex 3080;Loja 111;
B42WZG3;11.333;Dell Inc.;Optiplex 3080;Loja 111;
G42WZG3;11.337;Dell Inc.;Optiplex 3080;Loja 111;
DP0WZG3 ;10.431;Dell Inc.;Optiplex 3080;Loja 111;
762WZG3;11.361;Dell Inc.;Optiplex 3080;Loja 112;FURTO
BV0WZG3 ;10.663;Dell Inc.;Optiplex 3080;Loja 112;
BP0WZG3 ;10.434;Dell Inc.;Optiplex 3080;Loja 112;
DR0WZG3 ;10.467;Dell Inc.;Optiplex 3080;Loja 112;
JP0WZG3 ;10.438;Dell Inc.;Optiplex 3080;Loja 112;
CT0WZG3 ;10.648;Dell Inc.;Optiplex 3080;Loja 112;
1R0WZG3 ;10.457;Dell Inc.;Optiplex 3080;Loja 112;
HP0WZG3 ;10.435;Dell Inc.;Optiplex 3080;Loja 112;
JJ0WZG3;10.508;Dell Inc.;Optiplex 3080;Loja 113;
CJ0WZG3;10.505;Dell Inc.;Optiplex 3080;Loja 113;
1K0WZG3;10.509;Dell Inc.;Optiplex 3080;Loja 113;
CG0WZG3;10.471;Dell Inc.;Optiplex 3080;Loja 113;
652WZG3;11.345;Dell Inc.;Optiplex 3080;Loja 113;
DH0WZG3;10.489;Dell Inc.;Optiplex 3080;Loja 113;
JJ1WZG3;10.904;Dell Inc.;Optiplex 3080;Loja 113;
942WZG3;11.332;Dell Inc.;Optiplex 3080;Loja 113;
D22WZG3;11.303;Dell Inc.;Optiplex 3080;Loja 113;
JH0WZG3;10.495;Dell Inc.;Optiplex 3080;Loja 113;
H82WZG3;11.202;Dell Inc.;Optiplex 3080;Loja 114;
BF1WZG3;10.950;Dell Inc.;Optiplex 3080;Loja 114;
9Z0WZG3;10.775;Dell Inc.;Optiplex 3080;Loja 114;
3X1WZG3;11.114;Dell Inc.;Optiplex 3080;Loja 114;
1Z1WZG3;11.147;Dell Inc.;Optiplex 3080;Loja 114;
FC1WZG3;10.921;Dell Inc.;Optiplex 3080;Loja 114;
1F1WZG3;10.941;Dell Inc.;Optiplex 3080;Loja 114;
2D1WZG3;10.926;Dell Inc.;Optiplex 3080;Loja 114;
BV1WZG3;11.189;Dell Inc.;Optiplex 3080;Loja 115;
JV1WZG3;11.195;Dell Inc.;Optiplex 3080;Loja 115;
GT1WZG3;11.177;Dell Inc.;Optiplex 3080;Loja 115;
JS1WZG3;11.163;Dell Inc.;Optiplex 3080;Loja 115;
3V1WZG3;11.182;Dell Inc.;Optiplex 3080;Loja 115;
8P1WZG3;11.057;Dell Inc.;Optiplex 3080;Loja 116;
1B2WZG3;11.220;Dell Inc.;Optiplex 3080;Loja 116;FURTO
JH1WZG3;10.888;Dell Inc.;Optiplex 3080;Loja 116;
1P1WZG3;11.050;Dell Inc.;Optiplex 3080;Loja 116;
GW1WZG3;11.109;Dell Inc.;Optiplex 3080;Loja 116;
2B2WZG3;11.221;Dell Inc.;Optiplex 3080;Loja 116;
861WZG3;10.686;Dell Inc.;Optiplex 3080;Loja 116;
FB2WZG3;11.232;Dell Inc.;Optiplex 3080;Loja 116;
4B2WZG3;11.223;Dell Inc.;Optiplex 3080;Loja 116;
9B2WZG3;11.228;Dell Inc.;Optiplex 3080;Loja 116;
H12WZG3;11.290;Dell Inc.;Optiplex 3080;Loja 118;
9Z1WZG3;11.252;Dell Inc.;Optiplex 3080;Loja 118;
BZ1WZG3;11.253;Dell Inc.;Optiplex 3080;Loja 118;
5C2WZG3;11.240;Dell Inc.;Optiplex 3080;Loja 118;
DF1WZG3;10.952;Dell Inc.;Optiplex 3080;Loja 119;
4F1WZG3;10.944;Dell Inc.;Optiplex 3080;Loja 119;
BZ0WZG3;10.776;Dell Inc.;Optiplex 3080;Loja 119;
HF1WZG3;10.955;Dell Inc.;Optiplex 3080;Loja 119;
GD1WZG3;10.938;Dell Inc.;Optiplex 3080;Loja 119;
H11WZG3;10.813;Dell Inc.;Optiplex 3080;Loja 119;
3Z1WZG3;11.142;Dell Inc.;Optiplex 3080;Loja 120;
C92WZG3;11.214;Dell Inc.;Optiplex 3080;Loja 120;
BL0WZG3;10.534;Dell Inc.;Optiplex 3080;Loja 120;
CK1WZG3;10.915;Dell Inc.;Optiplex 3080;Loja 120;
CP1WZG3;11.060;Dell Inc.;Optiplex 3080;Loja 120;
F62WZG3;11.367;Dell Inc.;Optiplex 3080;Loja 120;
J52WZG3;11.354;Dell Inc.;Optiplex 3080;Loja 120;
262WZG3;11356;Dell Inc.;Optiplex 3080;Loja 120;FURTO
BH1WZG3;10.882;Dell Inc.;Optiplex 3080;Loja 120;
FY0WZG3;10.763;Dell Inc.;Optiplex 3080;Loja 120;
G92WZG3;11217;Dell Inc.;Optiplex 3080;Loja 120;FURTO
2V0WZG3;10.653;Dell Inc.;Optiplex 3080;Loja 120;
8H0WZG3;10.486;Dell Inc.;Optiplex 3080;Loja 121;
321WZG3;10.817;Dell Inc.;Optiplex 3080;Loja 121;
532WZG3;11.312;Dell Inc.;Optiplex 3080;Loja 121;
432WZG3;11.311;Dell Inc.;Optiplex 3080;Loja 121;
B52WZG3;11.349;Dell Inc.;Optiplex 3080;Loja 121;
J22WZG3;11.307;Dell Inc.;Optiplex 3080;Loja 121;
502WZG3;11.264;Dell Inc.;Optiplex 3080;Loja 122;FURTO
422WZG3;11.295;Dell Inc.;Optiplex 3080;Loja 122;
202WZG3;11.261;Dell Inc.;Optiplex 3080;Loja 122;
HY1WZG3;11.145;Dell Inc.;Optiplex 3080;Loja 122;
8C2WZG3;11.243;Dell Inc.;Optiplex 3080;Loja 122;
902WZG3;11.268;Dell Inc.;Optiplex 3080;Loja 122;
CS0WZG3;10634;Dell Inc.;Optiplex 3080;Loja 122;
151WZG3;10.613;Dell Inc.;Optiplex 3080;Loja 123;
101WZG3;10.783;Dell Inc.;Optiplex 3080;Loja 123;
H41WZG3;10.611;Dell Inc.;Optiplex 3080;Loja 123;
CD1WZG3;10.935;Dell Inc.;Optiplex 3080;Loja 123;
F11WZG3;10.811;Dell Inc.;Optiplex 3080;Loja 123;
HC1WZG3;10.923;Dell Inc.;Optiplex 3080;Loja 123;
401WZG3;10.786;Dell Inc.;Optiplex 3080;Loja 123;
FD1WZG3;10.937;Dell Inc.;Optiplex 3080;Loja 123;
5Q0WZG3;10.446;Dell Inc.;Optiplex 3080;Loja 124;
CB2WZG3;11.230;Dell Inc.;Optiplex 3080;Loja 124;
JP1WZG3;11.065;Dell Inc.;Optiplex 3080;Loja 124;
DG0WZG3;10.472;Dell Inc.;Optiplex 3080;Loja 124;
7W0WZG3;10.727;Dell Inc.;Optiplex 3080;Loja 124;
4H0WZG3;10.480;Dell Inc.;Optiplex 3080;Loja 124;
2R1WZG3;11.083;Dell Inc.;Optiplex 3080;Loja 124;
2X0WZG3;10.735;Dell Inc.;Optiplex 3080;Loja 124;
7R1WZG3;11.088;Dell Inc.;Optiplex 3080;Loja 124;FURTO
8M0WZG3;10546;Dell Inc.;Optiplex 3080;Loja 124;
BT0WZG3;10.646;Dell Inc.;Optiplex 3080;Loja 124;
1T0WZG3;10.635;Dell Inc.;Optiplex 3080;Loja 124;
5X1WZG3;11.116;Dell Inc.;Optiplex 3080;Loja 125;
B81WZG3;10.820;Dell Inc.;Optiplex 3080;Loja 125;
DW0WZG3;10.729;Dell Inc.;Optiplex 3080;Loja 125;
562WZG3;11.359;Dell Inc.;Optiplex 3080;Loja 125;
G62WZG3;11.368;Dell Inc.;Optiplex 3080;Loja 125;
772WZG3;11.377;Dell Inc.;Optiplex 3080;Loja 125;
782WZG3;11.393;Dell Inc.;Optiplex 3080;Loja 125;
J72WZG3;11.386;Dell Inc.;Optiplex 3080;Loja 125;
982WZG3;11.395;Dell Inc.;Optiplex 3080;Loja 125;
891WZG3;10.834;Dell Inc.;Optiplex 3080;Loja 126;
JT1WZG3;11.179;Dell Inc.;Optiplex 3080;Loja 126;
3T1WZG3;11.166;Dell Inc.;Optiplex 3080;Loja 126;
HS1WZG3;11.162;Dell Inc.;Optiplex 3080;Loja 126;
501WZG3;10.787;Dell Inc.;Optiplex 3080;Loja 126;
FH1WZG3;10.885;Dell Inc.;Optiplex 3080;Loja 127;
GQ0WZG3;10.452;Dell Inc.;Optiplex 3080;Loja 127;
7Q0WZG3;10.445;Dell Inc.;Optiplex 3080;Loja 127;
6K1WZG3;10.910;Dell Inc.;Optiplex 3080;Loja 127;
JQ0WZG3;10.453;Dell Inc.;Optiplex 3080;Loja 127;
621WZG3;10.570;Dell Inc.;Optiplex 3080;Loja 128;
831WZG3;10.588;Dell Inc.;Optiplex 3080;Loja 128;
231WZG3;10.582;Dell Inc.;Optiplex 3080;Loja 128;
HL1WZG3;11.016;Dell Inc.;Optiplex 3080;Loja 128;
3L1WZG3;11.004;Dell Inc.;Optiplex 3080;Loja 128;
6M1WZG3;11.023;Dell Inc.;Optiplex 3080;Loja 128;
331WZG3;10.583;Dell Inc.;Optiplex 3080;Loja 128;
4M1WZG3;11.021;Dell Inc.;Optiplex 3080;Loja 128;
DN1WZG3;11.045;Dell Inc.;Optiplex 3080;Loja 128;
G21WZG3;10.578;Dell Inc.;Optiplex 3080;Loja 128;
5N1WZG3;11.038;Dell Inc.;Optiplex 3080;Loja 128;
7L1WZG3;11.008;Dell Inc.;Optiplex 3080;Loja 128;
DZ1WZG3;11.255;Dell Inc.;Optiplex 3080;Loja 129;
912WZG3;11.284;Dell Inc.;Optiplex 3080;Loja 129;
722WZG3;11.298;Dell Inc.;Optiplex 3080;Loja 129;
B12WZG3;11.285;Dell Inc.;Optiplex 3080;Loja 129;
4P0WZG3;10.426;Dell Inc.;Optiplex 3080;Loja 129;
C81WZG3;10.821;Dell Inc.;Optiplex 3080;Loja 129;
GH0WZG3;10.490;Dell Inc.;Optiplex 3080;Loja 130;
5D1WZG3;10.929;Dell Inc.;Optiplex 3080;Loja 130;
B32WZG3;11.317;Dell Inc.;Optiplex 3080;Loja 130;
1S0WZG3;10.619;Dell Inc.;Optiplex 3080;Loja 131;
DJ1WZG3;10.900;Dell Inc.;Optiplex 3080;Loja 131;
1Y0WZG3;10.751;Dell Inc.;Optiplex 3080;Loja 131;
DP1WZG3;11.061;Dell Inc.;Optiplex 3080;Loja 131;
5Y0WZG3;10.755;Dell Inc.;Optiplex 3080;Loja 131;
D01WZG3;10.794;Dell Inc.;Optiplex 3080;Loja 132;
201WZG3;10.784;Dell Inc.;Optiplex 3080;Loja 132;
CG1WZG3;10.967;Dell Inc.;Optiplex 3080;Loja 132;
2F1WZG3;10.942;Dell Inc.;Optiplex 3080;Loja 133;
121WZG3;10.815;Dell Inc.;Optiplex 3080;Loja 133;
9F1WZG3;10.949;Dell Inc.;Optiplex 3080;Loja 133;
JC1WZG3;10.924;Dell Inc.;Optiplex 3080;Loja 133;
J11WZG3;10.814;Dell Inc.;Optiplex 3080;Loja 133;
FX0WZG3;10.747;Dell Inc.;Optiplex 3080;Loja 133;
2Y0WZG3;10.752;Dell Inc.;Optiplex 3080;Loja 133;
GX0WZG3;10.749;Dell Inc.;Optiplex 3080;Loja 133;
421WZG3;10.818;Dell Inc.;Optiplex 3080;Loja 133;
4H1WZG3;10.876;Dell Inc.;Optiplex 3081;Loja 134;
3J1WZG3;10.891;Dell Inc.;Optiplex 3082;Loja 134;
FF1WZG3;10.953;Dell Inc.;Optiplex 3080;Loja 134;FURTO
841WZG3;10.604;Dell Inc.;Optiplex 3080;Loja 134;
4K0WZG3;10.511;Dell Inc.;Optiplex 3080;Loja 134;
G32WZG3;11.321;Dell Inc.;Optiplex 3080;Loja 134;
6K0WZG3;10.516;Dell Inc.;Optiplex 3080;Loja 134;
551WZG3;10.617;Dell Inc.;Optiplex 3080;Loja 134;
3Z0WZG3;10.769;Dell Inc.;Optiplex 3080;Loja 134;
C22WZG3;11.302;Dell Inc.;Optiplex 3080;Loja 134;
8K0WZG3;10.514;Dell Inc.;Optiplex 3080;Loja 134;
C42WZG3;11.334;Dell Inc.;Optiplex 3080;Loja 134;
9H0WZG3;10.484;Dell Inc.;Optiplex 3080;Loja 134;
552WZG3;11.344;Dell Inc.;Optiplex 3080;Loja 134;
7P1WZG3;11.056;Dell Inc.;Optiplex 3080;Loja 134;
6C2WZG3;11.241;Dell Inc.;Optiplex 3080;Loja 135;
HV1WZG3;11.194;Dell Inc.;Optiplex 3080;Loja 135;
B02WZG3;11.269;Dell Inc.;Optiplex 3080;Loja 135;
6S1WZG3;11.153;Dell Inc.;Optiplex 3080;Loja 135;
DC2WZG3;11.247;Dell Inc.;Optiplex 3080;Loja 135;
CT1WZG3;11.174;Dell Inc.;Optiplex 3080;Loja 135;
D02WZG3;11.271;Dell Inc.;Optiplex 3080;Loja 135;
7T1WZG3;11.170;Dell Inc.;Optiplex 3080;Loja 135;
650WZG3;10.628;Dell Inc.;Optiplex 3080;Loja 135;
7J0WZG3;10.501;Dell Inc.;Optiplex 3080;Loja 138;
2K0WZG3;10.510;Dell Inc.;Optiplex 3080;Loja 138;
D42WZG3;11.335;Dell Inc.;Optiplex 3080;Loja 138;
5F1WZG3;10.945;Dell Inc.;Optiplex 3080;Loja 139;FURTO
211WZG3;10.800;Dell Inc.;Optiplex 3080;Loja 139;
CZ0WZG3;10.777;Dell Inc.;Optiplex 3080;Loja 139;
981WZG3;10.819;Dell Inc.;Optiplex 3080;Loja 139;
FM1WZG3;11.030;Dell Inc.;Optiplex 3080;Loja 139;
CN0WZG3;10.568;Dell Inc.;Optiplex 3080;Loja 142;
542WZG3;11.328;Dell Inc.;Optiplex 3080;Loja 142;
142WZG3;11.324;Dell Inc.;Optiplex 3080;Loja 142;
5K0WZG3;10.515;Dell Inc.;Optiplex 3080;Loja 142;
2P1WZG3;11.051;Dell Inc.;Optiplex 3080;Loja 143;
J92WZG3;11.219;Dell Inc.;Optiplex 3080;Loja 143;
5B1WZG3;10.874;Dell Inc.;Optiplex 3080;Central;RETIRADO
7B1WZG3;10.849;Dell Inc.;Optiplex 3080;Central;RETIRADO
750WZG3;10.629;Dell Inc.;Optiplex 3080;Central;RETIRADO
2C1WZG3;10.860;Dell Inc.;Optiplex 3080;Central;RETIRADO
DK1WZG3;10.916;Dell Inc.;Optiplex 3080;Central;RETIRADO
JQ1WZG3;11.081;Dell Inc.;Optiplex 3080;Central;RETIRADO
CM0WZG3;10.551;Dell Inc.;Optiplex 3080;Central;RETIRADO
6T0WZG3;10.643;Dell Inc.;Optiplex 3080;Central;RETIRADO
3Y0WZG3;10.753;Dell Inc.;Optiplex 3080;Central;RETIRADO
582WZG3;11.391;Dell Inc.;Optiplex 3080;Central;RETIRADO
2T0WZG3;10.637;Dell Inc.;Optiplex 3080;Central;RETIRADO
5M0WZG3;10.544;Dell Inc.;Optiplex 3080;Central;RETIRADO
H61WZG3;10.693;Dell Inc.;Optiplex 3080;Central;RETIRADO
DD1WZG3;10.936;Dell Inc.;Optiplex 3080;Central;RETIRADO
F02WZG3;11.272;Dell Inc.;Optiplex 3080;Central;RETIRADO
3K1WZG3;10.907;Dell Inc.;Optiplex 3080;Central;RETIRADO
5H1WZG3 ;10.877;Dell Inc.;Optiplex 3080;Central;RETIRADO
FR0WZG3;10.464;Dell Inc.;Optiplex 3080;Central;RETIRADO
9P0WZG3;10.432;Dell Inc.;Optiplex 3080;Central;RETIRADO
2J1WZG3;10.890;Dell Inc.;Optiplex 3080;Central;RETIRADO
382WZG3;11.389;Dell Inc.;Optiplex 3080;Central;RETIRADO
BROWZG3;10.468;Dell Inc.;Optiplex 3080;Central;RETIRADO
FC5PV63;10.387;Dell Inc.;Optiplex 3080;Central;RETIRADO
7C5PV63;10.381;Dell Inc.;Optiplex 3080;Central;RETIRADO
CL0WZG3;10.536;Dell Inc.;Optiplex 3080;Central;RETIRADO
HB2WZG3;11.234;Dell Inc.;Optiplex 3080;Central;RETIRADO
8J1WZG3;10.896;Dell Inc.;Optiplex 3080;Central;RETIRADO
J51WZG3;10.678;Dell Inc.;Optiplex 3080;Central;RETIRADO
8C1WZG3;10.866;Dell Inc.;Optiplex 3080;Central;RETIRADO
J91WZG3;10.842;Dell Inc.;Optiplex 3080;Central;RETIRADO
C51WZG3;10.673;Dell Inc.;Optiplex 3080;Central;RETIRADO
1M1WZG3;11.018;Dell Inc.;Optiplex 3080;Central;RETIRADO
7C2WZG3;11.242;Dell Inc.;Optiplex 3080;Central;RETIRADO
5P0WZG3;10.424;Dell Inc.;Optiplex 3080;Central;RETIRADO
FJ1WZG3;10.901;Dell Inc.;Optiplex 3080;Central;RETIRADO
251WZG3;10.614;Dell Inc.;Optiplex 3080;Central;RETIRADO
F31WZG3;10.593;Dell Inc.;Optiplex 3080;Central;RETIRADO
